{
  "N": 8192,
  "L": 32,
  "K": 160,
  "epochs": 1400,
  "mut": 0.01,
  "alphabet": 256,
  "hist": [
    [
      0,
      0.993865966796875,
      1,
      8192
    ],
    [
      50,
      0.9383430480957031,
      3,
      8190
    ],
    [
      100,
      0.9415359497070312,
      2,
      8191
    ],
    [
      150,
      0.9400787353515625,
      1,
      8192
    ],
    [
      200,
      0.9381446838378906,
      2,
      8191
    ],
    [
      250,
      0.9402847290039062,
      1,
      8192
    ],
    [
      300,
      0.9413375854492188,
      2,
      8191
    ],
    [
      350,
      0.943328857421875,
      1,
      8192
    ],
    [
      400,
      0.9423103332519531,
      1,
      8192
    ],
    [
      450,
      0.9448585510253906,
      1,
      8192
    ],
    [
      500,
      0.94708251953125,
      1,
      8192
    ],
    [
      550,
      0.9414634704589844,
      1,
      8192
    ],
    [
      600,
      0.9455032348632812,
      1,
      8192
    ],
    [
      650,
      0.9467315673828125,
      1,
      8192
    ],
    [
      700,
      0.9455718994140625,
      1,
      8192
    ],
    [
      750,
      0.9477424621582031,
      1,
      8192
    ],
    [
      800,
      0.9448394775390625,
      1,
      8192
    ],
    [
      850,
      0.9406051635742188,
      1,
      8192
    ],
    [
      900,
      0.9402542114257812,
      1,
      8192
    ],
    [
      950,
      0.9454879760742188,
      1,
      8192
    ],
    [
      1000,
      0.9409027099609375,
      1,
      8192
    ],
    [
      1050,
      0.9445877075195312,
      2,
      8189
    ],
    [
      1100,
      0.9434432983398438,
      2,
      8191
    ],
    [
      1150,
      0.9418869018554688,
      2,
      8190
    ],
    [
      1200,
      0.9445877075195312,
      2,
      8191
    ],
    [
      1250,
      0.9476165771484375,
      2,
      8191
    ],
    [
      1300,
      0.9456367492675781,
      2,
      8190
    ],
    [
      1350,
      0.9412460327148438,
      4,
      8187
    ],
    [
      1399,
      0.9415779113769531,
      2,
      8191
    ]
  ],
  "dominant": [
    152,
    152,
    152,
    152,
    152,
    152,
    152,
    152,
    152,
    152,
    152,
    152,
    152,
    152,
    152,
    152,
    152,
    152,
    152,
    152,
    152,
    152,
    152,
    152,
    152,
    152,
    152,
    152,
    152,
    152,
    152,
    152
  ],
  "dominant_str": "................................",
  "dom_count": 2,
  "has_copy": false
}