{
  "radius": 2,
  "k": 5,
  "W": 256,
  "T": 256,
  "hist": [
    1.5781885385513306,
    1.666170597076416,
    1.6963130235671997,
    1.5853201150894165,
    1.6181930303573608,
    1.6645044088363647,
    1.6583373546600342,
    1.683157205581665,
    1.6920511722564697,
    1.740586280822754,
    1.6173065900802612,
    1.672676920890808,
    1.6486539840698242,
    1.719269037246704,
    1.662846565246582,
    1.6026948690414429,
    1.7464231252670288,
    1.7191001176834106,
    1.609421968460083,
    1.6356476545333862,
    1.5806207656860352,
    1.6497029066085815,
    1.570127248764038,
    1.6158746480941772,
    1.5787333250045776,
    1.5525201559066772,
    1.6018178462982178,
    1.6018178462982178,
    1.6018178462982178,
    1.6760761737823486,
    1.6140602827072144,
    1.5690040588378906,
    1.5927525758743286,
    1.61741304397583,
    1.6098606586456299,
    1.636237382888794,
    1.6436244249343872,
    1.636237382888794,
    1.5980925559997559,
    1.581737756729126,
    1.6492053270339966,
    1.6051037311553955,
    1.6353754997253418,
    1.581737756729126,
    1.6051037311553955,
    1.5703901052474976,
    1.6199668645858765,
    1.6051037311553955,
    1.5690040588378906,
    1.5690040588378906,
    1.6305052042007446,
    1.6292897462844849,
    1.5922858715057373,
    1.620340347290039,
    1.6051037311553955,
    1.6140602827072144,
    1.5980925559997559,
    1.6051037311553955,
    1.5980925559997559,
    1.6152124404907227,
    1.6051037311553955,
    1.6051037311553955,
    1.6199668645858765,
    1.6619385480880737,
    1.6265825033187866,
    1.6516090631484985,
    1.6140602827072144,
    1.6098606586456299,
    1.6140602827072144,
    1.630653738975525,
    1.6492053270339966,
    1.632302165031433,
    1.6694281101226807,
    1.6694281101226807,
    1.6694281101226807,
    1.6902998685836792,
    1.6557562351226807,
    1.6053200960159302,
    1.7394542694091797,
    1.6492825746536255,
    1.6492825746536255,
    1.7413005828857422,
    1.7394542694091797,
    1.6917465925216675,
    1.6856223344802856,
    1.7410380840301514,
    1.672333002090454,
    1.7625854015350342,
    1.7065411806106567,
    1.7410380840301514,
    1.672333002090454,
    1.7687885761260986,
    1.7410380840301514,
    1.672333002090454,
    1.7687885761260986,
    1.7065411806106567,
    1.7410380840301514,
    1.7687885761260986,
    1.730635404586792,
    1.7687885761260986
  ],
  "results": [
    {
      "rule": 2520786264,
      "novelty": 1.655824065208435,
      "general_bpc": 0.498779296875,
      "named_min_bpc": 0.6217614412307739,
      "nl": 9,
      "period": 0,
      "density": 0.154815673828125,
      "damage": 0.18359375
    },
    {
      "rule": 1178641752,
      "novelty": 1.610454797744751,
      "general_bpc": 0.39794921875,
      "named_min_bpc": 0.5650187134742737,
      "nl": 9,
      "period": 0,
      "density": 0.132781982421875,
      "damage": 0.19140625
    },
    {
      "rule": 3594528088,
      "novelty": 1.5632174015045166,
      "general_bpc": 0.4161376953125,
      "named_min_bpc": 0.5923316478729248,
      "nl": 10,
      "period": 0,
      "density": 0.1431121826171875,
      "damage": 0.203125
    },
    {
      "rule": 1648395608,
      "novelty": 1.5275417566299438,
      "general_bpc": 0.4139404296875,
      "named_min_bpc": 0.5641505718231201,
      "nl": 10,
      "period": 0,
      "density": 0.1324615478515625,
      "damage": 0.1484375
    },
    {
      "rule": 3326092632,
      "novelty": 1.5239561796188354,
      "general_bpc": 0.35546875,
      "named_min_bpc": 0.5706919431686401,
      "nl": 9,
      "period": 0,
      "density": 0.1348876953125,
      "damage": 0.16796875
    },
    {
      "rule": 708879704,
      "novelty": 1.5214589834213257,
      "general_bpc": 0.3756103515625,
      "named_min_bpc": 0.547492504119873,
      "nl": 9,
      "period": 0,
      "density": 0.12640380859375,
      "damage": 0.16796875
    },
    {
      "rule": 172008792,
      "novelty": 1.517368197441101,
      "general_bpc": 0.385498046875,
      "named_min_bpc": 0.5477052330970764,
      "nl": 8,
      "period": 0,
      "density": 0.1264801025390625,
      "damage": 0.15625
    },
    {
      "rule": 641770840,
      "novelty": 1.404439091682434,
      "general_bpc": 0.3768310546875,
      "named_min_bpc": 0.6065696477890015,
      "nl": 7,
      "period": 0,
      "density": 0.1486968994140625,
      "damage": 0.17578125
    },
    {
      "rule": 1648411992,
      "novelty": 1.3984278440475464,
      "general_bpc": 0.30029296875,
      "named_min_bpc": 0.5752559900283813,
      "nl": 11,
      "period": 0,
      "density": 0.1365966796875,
      "damage": 0.1796875
    },
    {
      "rule": 1650500952,
      "novelty": 1.3927936553955078,
      "general_bpc": 0.444091796875,
      "named_min_bpc": 0.7073445320129395,
      "nl": 8,
      "period": 0,
      "density": 0.1928253173828125,
      "damage": 0.203125
    },
    {
      "rule": 717268312,
      "novelty": 1.3885552883148193,
      "general_bpc": 0.3970947265625,
      "named_min_bpc": 0.5658442974090576,
      "nl": 8,
      "period": 0,
      "density": 0.133087158203125,
      "damage": 0.13671875
    },
    {
      "rule": 2594286594,
      "novelty": 1.3810375928878784,
      "general_bpc": 0.53662109375,
      "named_min_bpc": 0.5750935673713684,
      "nl": 8,
      "period": 0,
      "density": 0.13653564453125,
      "damage": 0.17578125
    },
    {
      "rule": 918619138,
      "novelty": 1.3806136846542358,
      "general_bpc": 0.53759765625,
      "named_min_bpc": 0.5686838626861572,
      "nl": 9,
      "period": 0,
      "density": 0.1341400146484375,
      "damage": 0.1875
    },
    {
      "rule": 2930330626,
      "novelty": 1.380284070968628,
      "general_bpc": 0.5299072265625,
      "named_min_bpc": 0.5691352486610413,
      "nl": 11,
      "period": 0,
      "density": 0.134307861328125,
      "damage": 0.1796875
    },
    {
      "rule": 2220992578,
      "novelty": 1.378582239151001,
      "general_bpc": 0.5355224609375,
      "named_min_bpc": 0.5731413960456848,
      "nl": 10,
      "period": 0,
      "density": 0.13580322265625,
      "damage": 0.1796875
    },
    {
      "rule": 650750978,
      "novelty": 1.3771247863769531,
      "general_bpc": 0.512939453125,
      "named_min_bpc": 0.5639436841011047,
      "nl": 10,
      "period": 0,
      "density": 0.13238525390625,
      "damage": 0.1796875
    },
    {
      "rule": 2552849410,
      "novelty": 1.377055048942566,
      "general_bpc": 0.5361328125,
      "named_min_bpc": 0.5729784369468689,
      "nl": 8,
      "period": 0,
      "density": 0.1357421875,
      "damage": 0.1796875
    },
    {
      "rule": 3158933634,
      "novelty": 1.376713514328003,
      "general_bpc": 0.533447265625,
      "named_min_bpc": 0.5747686624526978,
      "nl": 11,
      "period": 0,
      "density": 0.13641357421875,
      "damage": 0.1796875
    },
    {
      "rule": 371270658,
      "novelty": 1.3760346174240112,
      "general_bpc": 0.519775390625,
      "named_min_bpc": 0.5678622126579285,
      "nl": 8,
      "period": 0,
      "density": 0.1338348388671875,
      "damage": 0.1796875
    },
    {
      "rule": 271180930,
      "novelty": 1.375435709953308,
      "general_bpc": 0.5413818359375,
      "named_min_bpc": 0.5761888027191162,
      "nl": 10,
      "period": 0,
      "density": 0.1369476318359375,
      "damage": 0.1796875
    },
    {
      "rule": 1386825922,
      "novelty": 1.375306487083435,
      "general_bpc": 0.5430908203125,
      "named_min_bpc": 0.5791394710540771,
      "nl": 10,
      "period": 0,
      "density": 0.1380615234375,
      "damage": 0.1796875
    },
    {
      "rule": 1846117506,
      "novelty": 1.3749762773513794,
      "general_bpc": 0.524658203125,
      "named_min_bpc": 0.5705691576004028,
      "nl": 9,
      "period": 0,
      "density": 0.1348419189453125,