{
 "n_hits": 90,
 "control_ok": true,
 "by_constant": {
  "pi": 21,
  "zeta3": 3,
  "log2": 16,
  "e": 44,
  "catalan": 4,
  "pi^2": 2
 },
 "tail_hits": [
  {
   "A": [
    1,
    5,
    9,
    6
   ],
   "B": [
    0,
    0,
    0,
    0,
    0,
    0,
    -1
   ],
   "value": "0.950751282949379964209287175796",
   "constant": "zeta3",
   "relation": [
    -8,
    0,
    0,
    7
   ],
   "height": 8,
   "verified": true
  },
  {
   "A": [
    -1,
    -5,
    -9,
    -6
   ],
   "B": [
    0,
    0,
    0,
    0,
    0,
    0,
    -1
   ],
   "value": "-0.950751282949379964209287175796",
   "constant": "zeta3",
   "relation": [
    -8,
    0,
    0,
    -7
   ],
   "height": 8,
   "verified": true
  },
  {
   "A": [
    1,
    5,
    9,
    6
   ],
   "B": [
    0,
    0,
    0,
    0,
    0,
    0,
    -1
   ],
   "value": "0.950751282949379964209287175796",
   "constant": "zeta3",
   "relation": [
    -8,
    0,
    0,
    7
   ],
   "height": 8,
   "verified": true
  }
 ]
}