{
  "radius": 2,
  "k": 5,
  "W": 256,
  "T": 256,
  "hist": [
    1.5239890813827515,
    1.501107931137085,
    1.562473177909851,
    1.4947267770767212,
    1.5788512229919434,
    1.649478554725647,
    1.6396814584732056,
    1.600768804550171,
    1.614126443862915,
    1.6133463382720947,
    1.6506558656692505,
    1.5998839139938354,
    1.6326199769973755,
    1.632259726524353,
    1.5505547523498535,
    1.6304641962051392,
    1.6320933103561401,
    1.6080726385116577,
    1.653346300125122,
    1.664781093597412,
    1.6760237216949463,
    1.6546475887298584,
    1.653295874595642,
    1.5633015632629395,
    1.6432138681411743,
    1.5492897033691406,
    1.578180193901062,
    1.5179492235183716,
    1.507981777191162,
    1.5661277770996094,
    1.613917350769043,
    1.5370566844940186,
    1.5069738626480103,
    1.5069738626480103,
    1.5128198862075806,
    1.5077247619628906,
    1.507390022277832,
    1.5633889436721802,
    1.5758166313171387,
    1.5843913555145264,
    1.5025118589401245,
    1.5069738626480103,
    1.5069738626480103,
    1.6936019659042358,
    1.5121424198150635,
    1.6816012859344482,
    1.5553721189498901,
    1.5347362756729126,
    1.6495078802108765,
    1.5025118589401245,
    1.5069738626480103,
    1.5069738626480103,
    1.5069738626480103,
    1.5069738626480103,
    1.5069738626480103,
    1.5069738626480103,
    1.5096697807312012,
    1.5025118589401245,
    1.5069738626480103,
    1.5069738626480103,
    1.5069738626480103,
    1.5069738626480103,
    1.5069738626480103,
    1.5069738626480103,
    1.5383822917938232,
    1.5390721559524536,
    1.5678801536560059,
    1.5370566844940186,
    1.5069738626480103,
    1.5069738626480103,
    1.5193747282028198,
    1.5309388637542725,
    1.5025118589401245,
    1.5069738626480103,
    1.5069738626480103,
    1.5069738626480103,
    1.5069738626480103,
    1.5069738626480103,
    1.5069738626480103,
    1.5069738626480103,
    1.5069738626480103,
    1.5069738626480103,
    1.5400710105895996,
    1.5041881799697876,
    1.5025118589401245,
    1.5069738626480103,
    1.5069738626480103,
    1.544454574584961,
    1.5025118589401245,
    1.5069738626480103,
    1.5564631223678589,
    1.5025118589401245,
    1.5069738626480103,
    1.5077543258666992,
    1.5025118589401245,
    1.5069738626480103,
    1.5069738626480103,
    1.5069738626480103,
    1.5069738626480103,
    1.5069738626480103
  ],
  "results": [
    {
      "rule": 1507507236,
      "novelty": 1.3700860738754272,
      "general_bpc": 0.356689453125,
      "named_min_bpc": 0.5874649286270142,
      "nl": 8,
      "period": 0,
      "density": 0.1412353515625,
      "damage": 0.15625
    },
    {
      "rule": 314639362,
      "novelty": 1.3579325675964355,
      "general_bpc": 0.544921875,
      "named_min_bpc": 0.5708964467048645,
      "nl": 7,
      "period": 0,
      "density": 0.1349639892578125,
      "damage": 0.1875
    },
    {
      "rule": 403243202,
      "novelty": 1.3509154319763184,
      "general_bpc": 0.531005859375,
      "named_min_bpc": 0.5686838626861572,
      "nl": 7,
      "period": 0,
      "density": 0.1341400146484375,
      "damage": 0.1796875
    },
    {
      "rule": 216105986,
      "novelty": 1.3485788106918335,
      "general_bpc": 0.5352783203125,
      "named_min_bpc": 0.5714278221130371,
      "nl": 9,
      "period": 0,
      "density": 0.135162353515625,
      "damage": 0.1796875
    },
    {
      "rule": 2292253698,
      "novelty": 1.3467828035354614,
      "general_bpc": 0.5286865234375,
      "named_min_bpc": 0.5704054832458496,
      "nl": 7,
      "period": 0,
      "density": 0.1347808837890625,
      "damage": 0.17578125
    },
    {
      "rule": 3693159554,
      "novelty": 1.3463810682296753,
      "general_bpc": 0.538330078125,
      "named_min_bpc": 0.5727338790893555,
      "nl": 11,
      "period": 0,
      "density": 0.135650634765625,
      "damage": 0.1796875
    },
    {
      "rule": 3825309698,
      "novelty": 1.344482183456421,
      "general_bpc": 0.5167236328125,
      "named_min_bpc": 0.5716321468353271,
      "nl": 9,
      "period": 0,
      "density": 0.1352386474609375,
      "damage": 0.1796875
    },
    {
      "rule": 880906370,
      "novelty": 1.343944787979126,
      "general_bpc": 0.544677734375,
      "named_min_bpc": 0.5802270770072937,
      "nl": 9,
      "period": 0,
      "density": 0.1384735107421875,
      "damage": 0.1796875
    },
    {
      "rule": 474036354,
      "novelty": 1.3434865474700928,
      "general_bpc": 0.5213623046875,
      "named_min_bpc": 0.5708964467048645,
      "nl": 6,
      "period": 0,
      "density": 0.1349639892578125,
      "damage": 0.1796875
    },
    {
      "rule": 4200677442,
      "novelty": 1.3431284427642822,
      "general_bpc": 0.5396728515625,
      "named_min_bpc": 0.5779287219047546,
      "nl": 10,
      "period": 0,
      "density": 0.137603759765625,
      "damage": 0.1875
    },
    {
      "rule": 76126338,
      "novelty": 1.34163498878479,
      "general_bpc": 0.5377197265625,
      "named_min_bpc": 0.5759050250053406,
      "nl": 9,
      "period": 0,
      "density": 0.1368408203125,
      "damage": 0.1875
    },
    {
      "rule": 3203300503,
      "novelty": 1.3412954807281494,
      "general_bpc": 0.5181884765625,
      "named_min_bpc": 0.5686017274856567,
      "nl": 10,
      "period": 0,
      "density": 0.8658905029296875,
      "damage": 0.171875
    },
    {
      "rule": 3201988748,
      "novelty": 1.3411046266555786,
      "general_bpc": 0.5367431640625,
      "named_min_bpc": 0.5807098150253296,
      "nl": 10,
      "period": 0,
      "density": 0.8613433837890625,
      "damage": 0.1796875
    },
    {
      "rule": 1657340930,
      "novelty": 1.3410972356796265,
      "general_bpc": 0.523193359375,
      "named_min_bpc": 0.5692992806434631,
      "nl": 9,
      "period": 0,
      "density": 0.134368896484375,
      "damage": 0.1796875
    },
    {
      "rule": 1718174850,
      "novelty": 1.340929388999939,
      "general_bpc": 0.54150390625,
      "named_min_bpc": 0.5775649547576904,
      "nl": 10,
      "period": 0,
      "density": 0.1374664306640625,
      "damage": 0.1875
    },
    {
      "rule": 3291071618,
      "novelty": 1.340856671333313,
      "general_bpc": 0.527099609375,
      "named_min_bpc": 0.570487380027771,
      "nl": 9,
      "period": 0,
      "density": 0.1348114013671875,
      "damage": 0.171875
    },
    {
      "rule": 3523292162,
      "novelty": 1.3407245874404907,
      "general_bpc": 0.5303955078125,
      "named_min_bpc": 0.5723668336868286,
      "nl": 9,
      "period": 0,
      "density": 0.1355133056640625,
      "damage": 0.18359375
    },
    {
      "rule": 3217652117,
      "novelty": 1.3404029607772827,
      "general_bpc": 0.5013427734375,
      "named_min_bpc": 0.5546411275863647,
      "nl": 8,
      "period": 0,
      "density": 0.8710174560546875,
      "damage": 0.1875
    },
    {
      "rule": 3170725266,
      "novelty": 1.3399356603622437,
      "general_bpc": 0.5262451171875,
      "named_min_bpc": 0.5733857750892639,
      "nl": 8,
      "period": 0,
      "density": 0.864105224609375,
      "damage": 0.1796875
    },
    {
      "rule": 3218632335,
      "novelty": 1.339898943901062,
      "general_bpc": 0.5084228515625,
      "named_min_bpc": 0.5638194680213928,
      "nl": 11,
      "period": 0,
      "density": 0.8676605224609375,
      "damage": 0.1796875
    },
    {
      "rule": 3220143504,
      "novelty": 1.3394712209701538,
      "general_bpc": 0.5045166015625,
      "named_min_bpc": 0.5641091465950012,
      "nl": 10,
      "period": 0,
      "density": 0.8675537109375,
      "damage": 0.1875
    },
    {
      "rule": 3218634937,
      "novelty": 1.3393614292144775,
      "general_bpc": 0.515380859375,
      "named_min_bpc": 0.5692582726478577,
      "nl": 10,
      "period": 0,
      "density": 0.8656463623046875,