{
 "n_hits": 3,
 "control_ok": true,
 "by_constant": {
  "zeta3": 3
 },
 "tail_hits": [
  {
   "A": [
    5,
    27,
    51,
    34
   ],
   "B": [
    0,
    0,
    0
   ],
   "value": "4.99144423548424481209875767293",
   "constant": "zeta3",
   "relation": [
    -6,
    0,
    0,
    1
   ],
   "height": 6,
   "verified": true
  },
  {
   "A": [
    -1,
    -5,
    -9,
    -6
   ],
   "B": [
    0,
    0,
    0
   ],
   "value": "-0.950751282949379964209287175796",
   "constant": "zeta3",
   "relation": [
    -8,
    0,
    0,
    -7
   ],
   "height": 8,
   "verified": true
  },
  {
   "A": [
    1,
    5,
    9,
    6
   ],
   "B": [
    0,
    0,
    0
   ],
   "value": "0.950751282949379964209287175796",
   "constant": "zeta3",
   "relation": [
    -8,
    0,
    0,
    7
   ],
   "height": 8,
   "verified": true
  }
 ]
}