{
  "N": 8192,
  "L": 32,
  "K": 160,
  "epochs": 2200,
  "mut": 0.002,
  "alphabet": 256,
  "hist": [
    [
      0,
      0.9934577941894531,
      1,
      8192
    ],
    [
      50,
      0.9032821655273438,
      3,
      8189
    ],
    [
      100,
      0.8970298767089844,
      3,
      8189
    ],
    [
      150,
      0.8941307067871094,
      1,
      8192
    ],
    [
      200,
      0.8936500549316406,
      2,
      8191
    ],
    [
      250,
      0.9007911682128906,
      1,
      8192
    ],
    [
      300,
      0.8951988220214844,
      3,
      8189
    ],
    [
      350,
      0.8948478698730469,
      3,
      8189
    ],
    [
      400,
      0.9058990478515625,
      4,
      8188
    ],
    [
      450,
      0.9108161926269531,
      1,
      8192
    ],
    [
      500,
      0.9035530090332031,
      3,
      8189
    ],
    [
      550,
      0.8943748474121094,
      3,
      8190
    ],
    [
      600,
      0.8923110961914062,
      2,
      8188
    ],
    [
      650,
      0.9017829895019531,
      1,
      8192
    ],
    [
      700,
      0.90594482421875,
      1,
      8192
    ],
    [
      750,
      0.9023666381835938,
      3,
      8189
    ],
    [
      800,
      0.9064445495605469,
      3,
      8188
    ],
    [
      850,
      0.9066009521484375,
      3,
      8186
    ],
    [
      900,
      0.902099609375,
      3,
      8189
    ],
    [
      950,
      0.8986053466796875,
      4,
      8188
    ],
    [
      1000,
      0.9039421081542969,
      3,
      8190
    ],
    [
      1050,
      0.8994522094726562,
      2,
      8190
    ],
    [
      1100,
      0.897918701171875,
      4,
      8188
    ],
    [
      1150,
      0.8975906372070312,
      3,
      8188
    ],
    [
      1200,
      0.901458740234375,
      2,
      8191
    ],
    [
      1250,
      0.9036941528320312,
      1,
      8192
    ],
    [
      1300,
      0.9067611694335938,
      2,
      8191
    ],
    [
      1350,
      0.906524658203125,
      2,
      8190
    ],
    [
      1400,
      0.9065895080566406,
      2,
      8190
    ],
    [
      1450,
      0.9047355651855469,
      2,
      8191
    ],
    [
      1500,
      0.9028129577636719,
      2,
      8191
    ],
    [
      1550,
      0.345062255859375,
      39,
      7618
    ],
    [
      1600,
      0.2995567321777344,
      36,
      6682
    ],
    [
      1650,
      0.2990837097167969,
      30,
      6501
    ],
    [
      1700,
      0.296844482421875,
      19,
      6614
    ],
    [
      1750,
      0.2978477478027344,
      33,
      6769
    ],
    [
      1800,
      0.30628204345703125,
      33,
      6906
    ],
    [
      1850,
      0.3052177429199219,
      22,
      7115
    ],
    [
      1900,
      0.3088111877441406,
      24,
      7126
    ],
    [
      1950,
      0.30429840087890625,
      26,
      6943
    ],
    [
      2000,
      0.3149261474609375,
      26,
      7247
    ],
    [
      2050,
      0.31388092041015625,
      21,
      7226
    ],
    [
      2100,
      0.3151130676269531,
      17,
      7262
    ],
    [
      2150,
      0.3083534240722656,
      23,
      7102
    ],
    [
      2199,
      0.3194580078125,
      18,
      7361
    ]
  ],
  "dominant": [
    131,
    219,
    117,
    108,
    56,
    130,
    226,
    219,
    152,
    138,
    68,
    8,
    6,
    65,
    2,
    121,
    192,
    65,
    162,
    121,
    2,
    65,
    6,
    8,
    68,
    149,
    186,
    155,
    106,
    130,
    56,
    151
  ],
  "dominant_str": "...........[..{.....{..[........",
  "dom_count": 18,
  "has_copy": true
}