{
  "N": 8192,
  "L": 32,
  "K": 160,
  "epochs": 2200,
  "mut": 0.001,
  "alphabet": 256,
  "hist": [
    [
      0,
      0.9932632446289062,
      1,
      8192
    ],
    [
      50,
      0.9035720825195312,
      1,
      8192
    ],
    [
      100,
      0.8934288024902344,
      3,
      8190
    ],
    [
      150,
      0.8796615600585938,
      2,
      8190
    ],
    [
      200,
      0.8755416870117188,
      6,
      8185
    ],
    [
      250,
      0.8812675476074219,
      2,
      8189
    ],
    [
      300,
      0.8820343017578125,
      4,
      8188
    ],
    [
      350,
      0.8802642822265625,
      3,
      8190
    ],
    [
      400,
      0.8782157897949219,
      4,
      8187
    ],
    [
      450,
      0.8878326416015625,
      1,
      8192
    ],
    [
      500,
      0.8875160217285156,
      3,
      8186
    ],
    [
      550,
      0.8859062194824219,
      2,
      8191
    ],
    [
      600,
      0.8841438293457031,
      3,
      8189
    ],
    [
      650,
      0.8809318542480469,
      4,
      8187
    ],
    [
      700,
      0.8734893798828125,
      2,
      8189
    ],
    [
      750,
      0.8705711364746094,
      2,
      8191
    ],
    [
      800,
      0.8726005554199219,
      2,
      8190
    ],
    [
      850,
      0.8826637268066406,
      2,
      8191
    ],
    [
      900,
      0.8877677917480469,
      4,
      8185
    ],
    [
      950,
      0.8816184997558594,
      1,
      8192
    ],
    [
      1000,
      0.8788986206054688,
      3,
      8190
    ],
    [
      1050,
      0.884063720703125,
      4,
      8189
    ],
    [
      1100,
      0.8841056823730469,
      5,
      8185
    ],
    [
      1150,
      0.8857536315917969,
      6,
      8185
    ],
    [
      1200,
      0.8854866027832031,
      3,
      8188
    ],
    [
      1250,
      0.8880729675292969,
      2,
      8191
    ],
    [
      1300,
      0.892425537109375,
      8,
      8180
    ],
    [
      1350,
      0.8865966796875,
      4,
      8188
    ],
    [
      1400,
      0.8906021118164062,
      2,
      8191
    ],
    [
      1450,
      0.8875808715820312,
      2,
      8191
    ],
    [
      1500,
      0.8852806091308594,
      3,
      8189
    ],
    [
      1550,
      0.8918685913085938,
      2,
      8191
    ],
    [
      1600,
      0.8905105590820312,
      4,
      8186
    ],
    [
      1650,
      0.8915634155273438,
      1,
      8192
    ],
    [
      1700,
      0.8844947814941406,
      2,
      8191
    ],
    [
      1750,
      0.8756980895996094,
      4,
      8187
    ],
    [
      1800,
      0.87628173828125,
      2,
      8191
    ],
    [
      1850,
      0.8710136413574219,
      2,
      8191
    ],
    [
      1900,
      0.8743629455566406,
      7,
      8182
    ],
    [
      1950,
      0.8785018920898438,
      2,
      8191
    ],
    [
      2000,
      0.8820953369140625,
      2,
      8190
    ],
    [
      2050,
      0.87847900390625,
      2,
      8191
    ],
    [
      2100,
      0.8766403198242188,
      3,
      8186
    ],
    [
      2150,
      0.8740119934082031,
      4,
      8188
    ],
    [
      2199,
      0.8742828369140625,
      4,
      8184
    ]
  ],
  "dominant": [
    184,
    184,
    184,
    184,
    184,
    184,
    184,
    184,
    184,
    184,
    184,
    184,
    184,
    184,
    184,
    184,
    184,
    184,
    184,
    184,
    184,
    184,
    184,
    184,
    184,
    184,
    184,
    184,
    184,
    184,
    184,
    184
  ],
  "dominant_str": "................................",
  "dom_count": 4,
  "has_copy": false
}