{
  "N": 8192,
  "L": 32,
  "K": 160,
  "epochs": 2200,
  "mut": 0.001,
  "alphabet": 256,
  "hist": [
    [
      0,
      0.9933662414550781,
      1,
      8192
    ],
    [
      50,
      0.8958778381347656,
      3,
      8190
    ],
    [
      100,
      0.8742866516113281,
      1,
      8192
    ],
    [
      150,
      0.8763389587402344,
      1,
      8192
    ],
    [
      200,
      0.88311767578125,
      3,
      8189
    ],
    [
      250,
      0.8761253356933594,
      2,
      8190
    ],
    [
      300,
      0.8734245300292969,
      4,
      8188
    ],
    [
      350,
      0.8696632385253906,
      1,
      8192
    ],
    [
      400,
      0.8776206970214844,
      2,
      8191
    ],
    [
      450,
      0.8808937072753906,
      4,
      8185
    ],
    [
      500,
      0.875518798828125,
      4,
      8186
    ],
    [
      550,
      0.8707618713378906,
      2,
      8191
    ],
    [
      600,
      0.8736228942871094,
      1,
      8192
    ],
    [
      650,
      0.8853950500488281,
      2,
      8191
    ],
    [
      700,
      0.8835830688476562,
      1,
      8192
    ],
    [
      750,
      0.8802566528320312,
      2,
      8191
    ],
    [
      800,
      0.8792076110839844,
      3,
      8188
    ],
    [
      850,
      0.877349853515625,
      6,
      8185
    ],
    [
      900,
      0.8861846923828125,
      2,
      8191
    ],
    [
      950,
      0.8541259765625,
      1,
      8192
    ],
    [
      1000,
      0.8226051330566406,
      4,
      8183
    ],
    [
      1050,
      0.33402252197265625,
      9,
      7998
    ],
    [
      1100,
      0.3000373840332031,
      13,
      7668
    ],
    [
      1150,
      0.23436737060546875,
      68,
      6776
    ],
    [
      1200,
      0.22121047973632812,
      37,
      7059
    ],
    [
      1250,
      0.22849273681640625,
      61,
      6994
    ],
    [
      1300,
      0.2338409423828125,
      69,
      6960
    ],
    [
      1350,
      0.2380523681640625,
      21,
      7147
    ],
    [
      1400,
      0.22589111328125,
      17,
      7152
    ],
    [
      1450,
      0.22432327270507812,
      20,
      7174
    ],
    [
      1500,
      0.22199249267578125,
      24,
      7211
    ],
    [
      1550,
      0.22636032104492188,
      14,
      7361
    ],
    [
      1600,
      0.23788833618164062,
      20,
      7523
    ],
    [
      1650,
      0.2308349609375,
      16,
      7476
    ],
    [
      1700,
      0.23251724243164062,
      11,
      7614
    ],
    [
      1750,
      0.23347854614257812,
      28,
      7462
    ],
    [
      1800,
      0.23239517211914062,
      16,
      7546
    ],
    [
      1850,
      0.23598861694335938,
      20,
      7445
    ],
    [
      1900,
      0.2316436767578125,
      26,
      7333
    ],
    [
      1950,
      0.2320098876953125,
      48,
      7249
    ],
    [
      2000,
      0.22905349731445312,
      28,
      6995
    ],
    [
      2050,
      0.22190093994140625,
      26,
      7186
    ],
    [
      2100,
      0.2197723388671875,
      70,
      6953
    ],
    [
      2150,
      0.22406387329101562,
      55,
      7042
    ],
    [
      2199,
      0.22443771362304688,
      34,
      7107
    ]
  ],
  "dominant": [
    45,
    31,
    12,
    76,
    193,
    224,
    226,
    168,
    163,
    32,
    55,
    73,
    75,
    246,
    49,
    5,
    75,
    75,
    73,
    55,
    32,
    163,
    168,
    98,
    32,
    45,
    66,
    168,
    162,
    115,
    161,
    163
  ],
  "dominant_str": "...............+................",
  "dom_count": 34,
  "has_copy": false
}