{
  "N": 8192,
  "L": 32,
  "K": 160,
  "epochs": 900,
  "mut": 0.001,
  "alphabet": 256,
  "hist": [
    [
      0,
      0.993560791015625,
      1,
      8192
    ],
    [
      50,
      0.8967018127441406,
      2,
      8191
    ],
    [
      100,
      0.8803215026855469,
      1,
      8192
    ],
    [
      150,
      0.8731117248535156,
      3,
      8190
    ],
    [
      200,
      0.8666152954101562,
      3,
      8190
    ],
    [
      250,
      0.8643226623535156,
      4,
      8187
    ],
    [
      300,
      0.8681602478027344,
      3,
      8188
    ],
    [
      350,
      0.8747596740722656,
      1,
      8192
    ],
    [
      400,
      0.8752937316894531,
      5,
      8187
    ],
    [
      450,
      0.8718719482421875,
      1,
      8192
    ],
    [
      500,
      0.87188720703125,
      3,
      8189
    ],
    [
      550,
      0.8762969970703125,
      2,
      8191
    ],
    [
      600,
      0.8789939880371094,
      3,
      8190
    ],
    [
      650,
      0.8778305053710938,
      3,
      8188
    ],
    [
      700,
      0.8786468505859375,
      2,
      8191
    ],
    [
      750,
      0.8751945495605469,
      5,
      8186
    ],
    [
      800,
      0.8819122314453125,
      2,
      8191
    ],
    [
      850,
      0.8883094787597656,
      3,
      8188
    ],
    [
      899,
      0.8878440856933594,
      3,
      8189
    ]
  ],
  "dominant": [
    136,
    136,
    136,
    136,
    136,
    136,
    136,
    136,
    136,
    136,
    136,
    136,
    136,
    136,
    136,
    136,
    136,
    136,
    136,
    136,
    136,
    136,
    136,
    136,
    136,
    136,
    136,
    136,
    136,
    136,
    136,
    136
  ],
  "dominant_str": "................................",
  "dom_count": 3,
  "has_copy": false
}