{
  "radius": 2,
  "k": 5,
  "W": 256,
  "T": 256,
  "hist": [
    1.6165814399719238,
    1.6630091667175293,
    1.6630091667175293,
    1.7729562520980835,
    1.6443970203399658,
    1.6694579124450684,
    1.6667182445526123,
    1.7523423433303833,
    1.762049674987793,
    1.762049674987793,
    1.762049674987793,
    1.762049674987793,
    1.762049674987793,
    1.762049674987793,
    1.762049674987793,
    1.762049674987793,
    1.762049674987793,
    1.762049674987793,
    1.762049674987793,
    1.762049674987793,
    1.762049674987793,
    1.762049674987793,
    1.762049674987793,
    1.762049674987793,
    1.762049674987793,
    1.762049674987793,
    1.762049674987793,
    1.762049674987793,
    1.762049674987793,
    1.762049674987793,
    1.762049674987793,
    1.762049674987793,
    1.762049674987793,
    1.762049674987793,
    1.762049674987793,
    1.762049674987793,
    1.762049674987793,
    1.762049674987793,
    1.762049674987793,
    1.762049674987793,
    1.762049674987793,
    1.762049674987793,
    1.762049674987793,
    1.762049674987793,
    1.762049674987793,
    1.762049674987793,
    1.762049674987793,
    1.762049674987793,
    1.762049674987793,
    1.762049674987793,
    1.762049674987793,
    1.762049674987793,
    1.762049674987793,
    1.762049674987793,
    1.762049674987793,
    1.762049674987793,
    1.7865345478057861,
    1.698825716972351,
    1.6802228689193726,
    1.6802228689193726,
    1.6802228689193726,
    1.6802228689193726,
    1.6802228689193726,
    1.6802228689193726,
    1.6802228689193726,
    1.6802228689193726,
    1.6802228689193726,
    1.6802228689193726,
    1.6802228689193726,
    1.6802228689193726,
    1.6802228689193726,
    1.6802228689193726,
    1.6802228689193726,
    1.6802228689193726,
    1.6802228689193726,
    1.6802228689193726,
    1.6802228689193726,
    1.6802228689193726,
    1.6802228689193726,
    1.6802228689193726,
    1.6802228689193726,
    1.7191574573516846,
    1.7152925729751587,
    1.7152925729751587,
    1.7152925729751587,
    1.7409831285476685,
    1.7409831285476685,
    1.711126685142517,
    1.711126685142517,
    1.711126685142517,
    1.711126685142517,
    1.711126685142517,
    1.711126685142517,
    1.711126685142517,
    1.7409831285476685,
    1.7409831285476685,
    1.711126685142517,
    1.711126685142517,
    1.711126685142517,
    1.711126685142517
  ],
  "results": [
    {
      "rule": 2897378280,
      "novelty": 1.5237913131713867,
      "general_bpc": 0.51025390625,
      "named_min_bpc": 0.7548122406005859,
      "nl": 8,
      "period": 0,
      "density": 0.2170867919921875,
      "damage": 0.16015625
    },
    {
      "rule": 1951170448,
      "novelty": 1.4394344091415405,
      "general_bpc": 0.35546875,
      "named_min_bpc": 0.6913780570030212,
      "nl": 10,
      "period": 0,
      "density": 0.1852264404296875,
      "damage": 0.1640625
    },
    {
      "rule": 3166727656,
      "novelty": 1.4288192987442017,
      "general_bpc": 0.45849609375,
      "named_min_bpc": 0.7137295603752136,
      "nl": 10,
      "period": 0,
      "density": 0.1959381103515625,
      "damage": 0.1640625
    },
    {
      "rule": 3218894779,
      "novelty": 1.3406612873077393,
      "general_bpc": 0.5296630859375,
      "named_min_bpc": 0.567451000213623,
      "nl": 8,
      "period": 0,
      "density": 0.8663177490234375,
      "damage": 0.1796875
    },
    {
      "rule": 3221060251,
      "novelty": 1.3400577306747437,
      "general_bpc": 0.514404296875,
      "named_min_bpc": 0.5646467804908752,
      "nl": 8,
      "period": 0,
      "density": 0.8673553466796875,
      "damage": 0.1796875
    },
    {
      "rule": 3219160230,
      "novelty": 1.338419795036316,
      "general_bpc": 0.54931640625,
      "named_min_bpc": 0.5865502953529358,
      "nl": 11,
      "period": 0,
      "density": 0.8591156005859375,
      "damage": 0.1796875
    },
    {
      "rule": 3218897826,
      "novelty": 1.3364176750183105,
      "general_bpc": 0.5355224609375,
      "named_min_bpc": 0.5704463720321655,
      "nl": 11,
      "period": 0,
      "density": 0.865203857421875,
      "damage": 0.18359375
    },
    {
      "rule": 3219028676,
      "novelty": 1.33540678024292,
      "general_bpc": 0.5340576171875,
      "named_min_bpc": 0.5689301490783691,
      "nl": 9,
      "period": 0,
      "density": 0.8657684326171875,
      "damage": 0.1796875
    },
    {
      "rule": 1112140930,
      "novelty": 1.3348828554153442,
      "general_bpc": 0.5404052734375,
      "named_min_bpc": 0.5714278221130371,
      "nl": 10,
      "period": 0,
      "density": 0.135162353515625,
      "damage": 0.1796875
    },
    {
      "rule": 3218962678,
      "novelty": 1.334349274635315,
      "general_bpc": 0.537109375,
      "named_min_bpc": 0.5708964467048645,
      "nl": 9,
      "period": 0,
      "density": 0.8650360107421875,
      "damage": 0.1875
    },
    {
      "rule": 3219548911,
      "novelty": 1.3339601755142212,
      "general_bpc": 0.522705078125,
      "named_min_bpc": 0.5697911977767944,
      "nl": 9,
      "period": 0,
      "density": 0.865447998046875,
      "damage": 0.1796875
    },
    {
      "rule": 3204016286,
      "novelty": 1.3334503173828125,
      "general_bpc": 0.525634765625,
      "named_min_bpc": 0.5734671950340271,
      "nl": 6,
      "period": 0,
      "density": 0.86407470703125,
      "damage": 0.171875
    },
    {
      "rule": 2349408386,
      "novelty": 1.3332645893096924,
      "general_bpc": 0.5106201171875,
      "named_min_bpc": 0.5671629309654236,
      "nl": 8,
      "period": 0,
      "density": 0.133575439453125,
      "damage": 0.1796875
    },
    {
      "rule": 3202443735,
      "novelty": 1.3318160772323608,
      "general_bpc": 0.5234375,
      "named_min_bpc": 0.5726115703582764,
      "nl": 6,
      "period": 0,
      "density": 0.8643951416015625,
      "damage": 0.1796875
    },
    {
      "rule": 3219095547,
      "novelty": 1.3317174911499023,
      "general_bpc": 0.530029296875,
      "named_min_bpc": 0.5660505890846252,
      "nl": 4,
      "period": 0,
      "density": 0.8668365478515625,
      "damage": 0.1875
    },
    {
      "rule": 3201137134,
      "novelty": 1.331026315689087,
      "general_bpc": 0.5181884765625,
      "named_min_bpc": 0.5685195922851562,
      "nl": 10,
      "period": 0,
      "density": 0.8659210205078125,
      "damage": 0.1796875
    },
    {
      "rule": 3186391222,
      "novelty": 1.3310102224349976,
      "general_bpc": 0.53076171875,
      "named_min_bpc": 0.5708554983139038,
      "nl": 10,
      "period": 0,
      "density": 0.86505126953125,
      "damage": 0.1796875
    },
    {
      "rule": 3201003517,
      "novelty": 1.33091139793396,
      "general_bpc": 0.5184326171875,
      "named_min_bpc": 0.563488245010376,
      "nl": 8,
      "period": 0,
      "density": 0.8677825927734375,
      "damage": 0.171875
    },
    {
      "rule": 3201133715,
      "novelty": 1.3307160139083862,
      "general_bpc": 0.5174560546875,
      "named_min_bpc": 0.5665452480316162,
      "nl": 9,
      "period": 0,
      "density": 0.8666534423828125,
      "damage": 0.17578125
    },
    {
      "rule": 2824965250,
      "novelty": 1.3304436206817627,
      "general_bpc": 0.5296630859375,
      "named_min_bpc": 0.569709300994873,
      "nl": 9,
      "period": 0,
      "density": 0.134521484375,
      "damage": 0.1875
    },
    {
      "rule": 3202185388,
      "novelty": 1.3303183317184448,
      "general_bpc": 0.533447265625,
      "named_min_bpc": 0.5769177675247192,
      "nl": 10,
      "period": 0,
      "density": 0.8627777099609375,
      "damage": 0.1796875
    },
    {
      "rule": 3201002942,
      "novelty": 1.330293893814087,
      "general_bpc": 0.5263671875,
      "named_min_bpc": 0.5688890814781189,
      "nl": 8,
      "period": 0,
      "density": 0.86578369140625,
      "damage": 0.1875
    },
    {
      "rule": 3203890411,